<?xml version="1.0" encoding="UTF-8"?>
<!DOCTYPE mapper PUBLIC "-//mybatis.org//DTD Mapper 3.0//EN" "http://mybatis.org/dtd/mybatis-3-mapper.dtd">

<mapper namespace="org.mineok./.dao.TopicDao">

	<!-- 可根据自己的需求，是否要使用 -->
    <resultMap type="org.mineok./.entity.TopicEntity" id="topicMap">
        <result property="topicId" column="topic_id"/>
        <result property="tid" column="tid"/>
        <result property="topicName" column="topic_name"/>
        <result property="createtime" column="createtime"/>
        <result property="toplimit" column="toplimit"/>
        <result property="status" column="status"/>
        <result property="type" column="type"/>
        <result property="content" column="content"/>
        <result property="department" column="department"/>
        <result property="science" column="science"/>
        <result property="demand" column="demand"/>
        <result property="stuId" column="stu_id"/>
        <result property="source" column="source"/>
        <result property="selected" column="selected"/>
        <result property="stuTarget" column="stu_target"/>
        <result property="remarks" column="remarks"/>
        <result property="approvalStatus" column="approval_status"/>
        <result property="deptId" column="dept_id"/>
        <result property="opinions" column="opinions"/>
    </resultMap>


</mapper>